stage_id,times_value,start_cycle,end_cycle,duration_cycles,started_tiles_min,started_tiles_max,complete_tiles_min,complete_tiles_max,active_tiles_avg,active_tiles_max,dominant_op,top_ops,addr_max_min,addr_max_max
0,0,0,43,44,0,1,0,0,0.295,1,(grant_once'),(grant_once'):13,0,0
1,1,44,44,1,1,1,0,0,1.0,1,(ph*),(ph*):1,1,1
2,2,45,45,1,1,1,0,0,1.0,1,(<<'),(<<'):1,2,2
3,3,46,46,1,1,1,0,0,1.0,1,(+'),(+'):1,3,3
4,4,47,47,1,1,1,0,0,0.0,0,idle,,4,4
5,5,48,48,1,1,1,0,0,0.0,0,idle,,5,5
6,6,49,49,1,1,1,0,0,0.0,0,idle,,6,6
7,7,50,127,78,1,5,0,0,2.41,5,(ld),(ld):105|(grant_pred):58|(st):16|(ph*):5|(+'):2|(=='):1,7,7
8,8,128,128,1,5,5,0,0,4.0,4,(grant_pred),(grant_pred):2|(ld):1|(=='):1,8,8
9,9,129,129,1,5,5,0,0,5.0,5,(grant_pred),(grant_pred):2|(+'):1|(ld):1|(=='):1,9,9
10,10,130,130,1,5,5,0,0,4.0,4,(grant_pred),(grant_pred):2|(ld):1|(=='):1,10,10
11,11,131,149,19,5,6,0,0,4.421,5,(grant_once'),(grant_pred):28|(grant_once'):19|(=='):16|(ld):14|(!):3|(+'):1,8,10
12,12,150,150,1,6,6,0,0,3.0,3,(ph*),(ph*):1|(st):1|(grant_pred):1,8,8
13,13,151,151,1,6,6,0,0,2.0,2,(<<'),(<<'):1|(st):1,8,8
14,14,152,152,1,7,7,0,0,4.0,4,(ph*),(ph*):2|(+'):1|(st):1,8,8
15,15,153,153,1,7,7,0,0,2.0,2,(st),(st):1|(ph*):1,8,8
16,16,154,154,1,7,7,0,0,3.0,3,(ph*),(ph*):2|(st):1,8,8
17,17,155,155,1,7,7,0,0,3.0,3,(st),(st):1|(ph*):1|(+'):1,8,8
18,18,156,158,3,7,7,0,0,3.667,4,(ld),(st):3|(=='):3|(grant_pred):2|(ld):2|(+'):1,8,8
19,19,159,159,1,7,7,0,0,4.0,4,(=='),(=='):2|(ld):1|(st):1,8,8
20,20,160,160,1,7,7,0,0,5.0,5,(=='),(=='):2|(+'):1|(ld):1|(st):1,9,9
21,21,161,161,1,7,7,0,0,4.0,4,(=='),(=='):2|(ld):1|(st):1,10,10
22,22,162,208,47,7,9,0,0,5.787,8,(grant_pred),(grant_pred):63|(=='):56|(grant_once'):49|(st):36|(ret_void):36|(ld):16,8,10
23,23,209,209,1,9,9,0,0,6.0,6,(grant_pred),(grant_pred):4|(ph*):1|(st):1,10,10
24,24,210,210,1,9,9,0,0,3.0,3,(<<'),(<<'):1|(st):1|(grant_pred):1,2,2
25,25,211,211,1,9,9,0,0,3.0,3,(ph*),(ph*):2|(+'):1,3,3
26,26,212,212,1,9,9,0,0,1.0,1,(ph*),(ph*):1,4,4
27,27,213,213,1,9,9,0,0,2.0,2,(ph*),(ph*):2,5,5
28,28,214,214,1,9,9,0,0,2.0,2,(ph*),(ph*):1|(+'):1,6,6
29,29,215,215,1,9,9,0,0,2.0,2,(grant_pred),(grant_pred):1|(=='):1,7,7
30,30,216,216,1,9,9,0,0,5.0,5,(ld),(ld):2|(grant_pred):1|(+):1|(+'):1,8,8
31,31,217,217,1,9,9,0,0,6.0,6,(ld),(ld):2|(+'):1|(grant_pred):1|(!):1|(grant_once'):1,9,9
32,32,218,220,3,9,9,0,0,5.667,6,(ld),(ph*):4|(grant_pred):3|(ret_void):3|(=='):2|(!):2|(ld):1,10,10
33,33,221,222,2,9,9,0,0,6.0,6,(grant_pred),(grant_pred):8|(grant_once'):2|(ret_void):1|(+):1,10,10
34,34,223,223,1,9,9,0,0,4.0,4,(grant_pred),(grant_pred):2|(ph*):1|(st):1,10,10
35,35,224,224,1,9,9,0,0,3.0,3,(<<'),(<<'):1|(st):1|(grant_pred):1,2,2
36,36,225,225,1,9,9,0,0,3.0,3,(ph*),(ph*):2|(+'):1,3,3
37,37,226,226,1,9,9,0,0,1.0,1,(ph*),(ph*):1,4,4
38,38,227,227,1,9,9,0,0,2.0,2,(ph*),(ph*):2,5,5
39,39,228,228,1,9,9,0,0,2.0,2,(ph*),(ph*):1|(+'):1,6,6
40,40,229,229,1,9,9,0,0,2.0,2,(grant_pred),(grant_pred):1|(=='):1,7,7
41,41,230,230,1,9,9,0,0,6.0,6,(ld),(ld):2|(grant_pred):1|(+):1|(+'):1|(grant_once'):1,8,8
42,42,231,231,1,9,9,0,0,6.0,6,(ld),(ld):2|(+'):1|(grant_pred):1|(!):1|(ph*):1,9,9
43,43,232,234,3,9,9,0,0,5.667,6,(ld),(grant_pred):4|(ret_void):3|(ph*):3|(=='):2|(!):2|(ld):1,10,10
44,44,235,236,2,9,9,0,0,5.5,7,(grant_pred),(grant_pred):7|(grant_once'):2|(ret_void):1|(+):1,10,10
45,45,237,237,1,9,9,0,0,4.0,4,(grant_pred),(grant_pred):2|(ph*):1|(st):1,10,10
46,46,238,238,1,9,9,0,0,3.0,3,(<<'),(<<'):1|(st):1|(grant_pred):1,2,2
47,47,239,239,1,9,9,0,0,3.0,3,(ph*),(ph*):2|(+'):1,3,3
48,48,240,240,1,9,9,0,0,1.0,1,(ph*),(ph*):1,4,4
49,49,241,241,1,9,9,0,0,2.0,2,(ph*),(ph*):2,5,5
50,50,242,242,1,9,9,0,0,2.0,2,(ph*),(ph*):1|(+'):1,6,6
51,51,243,243,1,9,9,0,0,3.0,3,(grant_pred),(grant_pred):1|(=='):1|(grant_once'):1,7,7
52,52,244,244,1,9,9,0,0,6.0,6,(ld),(ld):2|(grant_pred):1|(+):1|(+'):1|(ph*):1,8,8
53,53,245,245,1,9,9,0,0,6.0,6,(ld),(ld):2|(+'):1|(grant_pred):1|(!):1|(ph*):1,9,9
54,54,246,248,3,9,9,0,0,5.667,6,(ld),(grant_pred):4|(ret_void):3|(ph*):3|(=='):2|(!):2|(ld):1,10,10
55,55,249,250,2,9,9,0,0,5.5,7,(grant_pred),(grant_pred):7|(grant_once'):2|(ret_void):1|(+):1,10,10
56,56,251,251,1,9,9,0,0,4.0,4,(grant_pred),(grant_pred):2|(ph*):1|(st):1,10,10
57,57,252,252,1,9,9,0,0,3.0,3,(<<'),(<<'):1|(st):1|(grant_pred):1,2,2
58,58,253,253,1,9,9,0,0,3.0,3,(ph*),(ph*):2|(+'):1,3,3
59,59,254,254,1,9,9,0,0,1.0,1,(ph*),(ph*):1,4,4
60,60,255,255,1,9,9,0,0,2.0,2,(ph*),(ph*):2,5,5
61,61,256,256,1,9,9,0,0,2.0,2,(ph*),(ph*):1|(+'):1,6,6
62,62,257,257,1,9,9,0,0,3.0,3,(grant_pred),(grant_pred):1|(=='):1|(grant_once'):1,7,7
63,63,258,258,1,9,9,0,0,6.0,6,(ld),(ld):2|(grant_pred):1|(+):1|(+'):1|(ph*):1,8,8
64,64,259,259,1,9,9,0,0,6.0,6,(ld),(ld):2|(+'):1|(grant_pred):1|(!):1|(ph*):1,9,9
65,65,260,262,3,9,9,0,0,5.667,6,(ld),(grant_pred):4|(ret_void):3|(ph*):3|(=='):2|(!):2|(ld):1,10,10
66,66,263,264,2,9,9,0,0,5.5,7,(grant_pred),(grant_pred):7|(grant_once'):2|(ret_void):1|(+):1,10,10
67,67,265,265,1,9,9,0,0,4.0,4,(grant_pred),(grant_pred):2|(ph*):1|(st):1,10,10
68,68,266,266,1,9,9,0,0,3.0,3,(<<'),(<<'):1|(st):1|(grant_pred):1,2,2
69,69,267,267,1,9,9,0,0,3.0,3,(ph*),(ph*):2|(+'):1,3,3
70,70,268,268,1,9,9,0,0,1.0,1,(ph*),(ph*):1,4,4
71,71,269,269,1,9,9,0,0,2.0,2,(ph*),(ph*):2,5,5
72,72,270,270,1,9,9,0,0,2.0,2,(ph*),(ph*):1|(+'):1,6,6
73,73,271,271,1,9,9,0,0,3.0,3,(grant_pred),(grant_pred):1|(=='):1|(grant_once'):1,7,7
74,74,272,272,1,9,9,0,0,6.0,6,(ld),(ld):2|(grant_pred):1|(+):1|(+'):1|(ph*):1,8,8
75,75,273,273,1,9,9,0,0,6.0,6,(ld),(ld):2|(+'):1|(grant_pred):1|(!):1|(ph*):1,9,9
76,76,274,276,3,9,9,0,0,5.667,6,(ld),(grant_pred):4|(ret_void):3|(ph*):3|(=='):2|(!):2|(ld):1,10,10
77,77,277,278,2,9,9,0,0,5.5,7,(grant_pred),(grant_pred):7|(grant_once'):2|(ret_void):1|(+):1,10,10
78,78,279,279,1,9,9,0,0,4.0,4,(grant_pred),(grant_pred):2|(ph*):1|(st):1,10,10
79,79,280,280,1,9,9,0,0,3.0,3,(<<'),(<<'):1|(st):1|(grant_pred):1,2,2
80,80,281,281,1,9,9,0,0,3.0,3,(ph*),(ph*):2|(+'):1,3,3
81,81,282,282,1,9,9,0,0,1.0,1,(ph*),(ph*):1,4,4
82,82,283,283,1,9,9,0,0,2.0,2,(ph*),(ph*):2,5,5
83,83,284,284,1,9,9,0,0,2.0,2,(ph*),(ph*):1|(+'):1,6,6
84,84,285,285,1,9,9,0,0,3.0,3,(grant_pred),(grant_pred):1|(=='):1|(grant_once'):1,7,7
85,85,286,286,1,9,9,0,0,6.0,6,(ld),(ld):2|(grant_pred):1|(+):1|(+'):1|(ph*):1,8,8
86,86,287,287,1,9,9,0,0,6.0,6,(ld),(ld):2|(+'):1|(grant_pred):1|(!):1|(ph*):1,9,9
87,87,288,290,3,9,9,0,0,5.667,6,(ld),(grant_pred):4|(ret_void):3|(ph*):3|(=='):2|(!):2|(ld):1,10,10
88,88,291,292,2,9,9,0,0,5.5,7,(grant_pred),(grant_pred):7|(grant_once'):2|(ret_void):1|(+):1,10,10
89,89,293,293,1,9,9,0,0,4.0,4,(grant_pred),(grant_pred):2|(ph*):1|(st):1,10,10
90,90,294,294,1,9,9,0,0,3.0,3,(<<'),(<<'):1|(st):1|(grant_pred):1,2,2
91,91,295,295,1,9,9,0,0,3.0,3,(ph*),(ph*):2|(+'):1,3,3
92,92,296,296,1,9,9,0,0,1.0,1,(ph*),(ph*):1,4,4
93,93,297,297,1,9,9,0,0,2.0,2,(ph*),(ph*):2,5,5
94,94,298,298,1,9,9,0,0,2.0,2,(ph*),(ph*):1|(+'):1,6,6
95,95,299,299,1,9,9,0,0,3.0,3,(grant_pred),(grant_pred):1|(=='):1|(grant_once'):1,7,7
96,96,300,300,1,9,9,0,0,6.0,6,(ld),(ld):2|(grant_pred):1|(+):1|(+'):1|(ph*):1,8,8
97,97,301,301,1,9,9,0,0,6.0,6,(ld),(ld):2|(+'):1|(grant_pred):1|(!):1|(ph*):1,9,9
98,98,302,304,3,9,9,0,0,5.333,7,(=='),(grant_pred):4|(ret_void):3|(ph*):3|(=='):2|(!):2|(+'):1,10,10
99,99,305,306,2,9,9,0,0,6.0,7,(grant_pred),(grant_pred):7|(grant_once'):2|(ret_void):1|(st):1|(+):1,9,10
100,100,307,307,1,9,9,0,0,4.0,4,(grant_pred),(grant_pred):2|(ph*):1|(st):1,10,10
101,101,308,308,1,9,9,0,0,3.0,3,(<<'),(<<'):1|(st):1|(grant_pred):1,2,2
102,102,309,309,1,9,9,0,0,3.0,3,(ph*),(ph*):2|(+'):1,3,3
103,103,310,310,1,9,9,0,0,1.0,1,(ph*),(ph*):1,4,4
104,104,311,311,1,9,9,0,0,2.0,2,(ph*),(ph*):2,5,5
105,105,312,312,1,9,9,0,0,2.0,2,(ph*),(ph*):1|(+'):1,6,6
106,106,313,313,1,9,9,0,0,3.0,3,(grant_pred),(grant_pred):1|(=='):1|(grant_once'):1,7,7
107,107,314,314,1,9,9,0,0,6.0,6,(ld),(ld):2|(grant_pred):1|(+):1|(+'):1|(ph*):1,8,8
108,108,315,315,1,9,9,0,0,6.0,6,(ld),(ld):2|(+'):1|(grant_pred):1|(!):1|(ph*):1,9,9
109,109,316,318,3,9,9,0,0,5.333,7,(=='),(grant_pred):4|(ret_void):3|(ph*):3|(=='):2|(!):2|(+'):1,10,10
110,110,319,320,2,9,9,0,0,6.0,7,(grant_pred),(grant_pred):7|(grant_once'):2|(ret_void):1|(st):1|(+):1,9,10
111,111,321,321,1,9,9,0,0,4.0,4,(grant_pred),(grant_pred):2|(ph*):1|(st):1,10,10
112,112,322,322,1,9,9,0,0,3.0,3,(<<'),(<<'):1|(st):1|(grant_pred):1,2,2
113,113,323,323,1,9,9,0,0,3.0,3,(ph*),(ph*):2|(+'):1,3,3
114,114,324,324,1,9,9,0,0,1.0,1,(ph*),(ph*):1,4,4
115,115,325,325,1,9,9,0,0,2.0,2,(ph*),(ph*):2,5,5
116,116,326,326,1,9,9,0,0,2.0,2,(ph*),(ph*):1|(+'):1,6,6
117,117,327,327,1,9,9,0,0,3.0,3,(grant_pred),(grant_pred):1|(=='):1|(grant_once'):1,7,7
118,118,328,328,1,9,9,0,0,6.0,6,(ld),(ld):2|(grant_pred):1|(+):1|(+'):1|(ph*):1,8,8
119,119,329,329,1,9,9,0,0,6.0,6,(ld),(ld):2|(+'):1|(grant_pred):1|(!):1|(ph*):1,9,9
120,120,330,332,3,9,9,0,0,5.333,7,(=='),(grant_pred):4|(ret_void):3|(ph*):3|(=='):2|(!):2|(+'):1,10,10
121,121,333,334,2,9,9,0,0,6.0,7,(grant_pred),(grant_pred):7|(grant_once'):2|(ret_void):1|(st):1|(+):1,9,10
122,122,335,335,1,9,9,0,0,4.0,4,(grant_pred),(grant_pred):2|(ph*):1|(st):1,10,10
123,123,336,336,1,9,9,0,0,3.0,3,(<<'),(<<'):1|(st):1|(grant_pred):1,2,2
124,124,337,337,1,9,9,0,0,3.0,3,(ph*),(ph*):2|(+'):1,3,3
125,125,338,338,1,9,9,0,0,1.0,1,(ph*),(ph*):1,4,4
126,126,339,339,1,9,9,0,0,2.0,2,(ph*),(ph*):2,5,5
127,127,340,340,1,9,9,0,0,2.0,2,(ph*),(ph*):1|(+'):1,6,6
128,128,341,341,1,9,9,0,0,3.0,3,(grant_pred),(grant_pred):1|(=='):1|(grant_once'):1,7,7
129,129,342,342,1,9,9,0,0,6.0,6,(ld),(ld):2|(grant_pred):1|(+):1|(+'):1|(ph*):1,8,8
130,130,343,343,1,9,9,0,0,6.0,6,(ld),(ld):2|(+'):1|(grant_pred):1|(!):1|(ph*):1,9,9
131,131,344,346,3,9,9,0,0,5.333,7,(=='),(grant_pred):4|(ret_void):3|(ph*):3|(=='):2|(!):2|(+'):1,10,10
132,132,347,348,2,9,9,0,0,6.0,7,(grant_pred),(grant_pred):7|(grant_once'):2|(ret_void):1|(st):1|(+):1,9,10
133,133,349,349,1,9,9,0,0,4.0,4,(grant_pred),(grant_pred):2|(ph*):1|(st):1,10,10
134,134,350,350,1,9,9,0,0,3.0,3,(<<'),(<<'):1|(st):1|(grant_pred):1,2,2
135,135,351,351,1,9,9,0,0,3.0,3,(ph*),(ph*):2|(+'):1,3,3
136,136,352,352,1,9,9,0,0,1.0,1,(ph*),(ph*):1,4,4
137,137,353,353,1,9,9,0,0,2.0,2,(ph*),(ph*):2,5,5
138,138,354,354,1,9,9,0,0,2.0,2,(ph*),(ph*):1|(+'):1,6,6
139,139,355,355,1,9,9,0,0,3.0,3,(grant_pred),(grant_pred):1|(=='):1|(grant_once'):1,7,7
140,140,356,356,1,9,9,0,0,6.0,6,(ld),(ld):2|(grant_pred):1|(+):1|(+'):1|(ph*):1,8,8
141,141,357,357,1,9,9,0,0,6.0,6,(ld),(ld):2|(+'):1|(grant_pred):1|(!):1|(ph*):1,9,9
142,142,358,360,3,9,9,0,0,5.333,7,(=='),(grant_pred):4|(ret_void):3|(ph*):3|(=='):2|(!):2|(+'):1,10,10
143,143,361,362,2,9,9,0,0,6.0,7,(grant_pred),(grant_pred):7|(grant_once'):2|(ret_void):1|(st):1|(+):1,9,10
144,144,363,363,1,9,9,0,0,4.0,4,(grant_pred),(grant_pred):2|(ph*):1|(st):1,10,10
145,145,364,364,1,9,9,0,0,3.0,3,(<<'),(<<'):1|(st):1|(grant_pred):1,2,2
146,146,365,365,1,9,9,0,0,3.0,3,(ph*),(ph*):2|(+'):1,3,3
147,147,366,366,1,9,9,0,0,1.0,1,(ph*),(ph*):1,4,4
148,148,367,367,1,9,9,0,0,2.0,2,(ph*),(ph*):2,5,5
149,149,368,368,1,9,9,0,0,2.0,2,(ph*),(ph*):1|(+'):1,6,6
150,150,369,369,1,9,9,0,0,3.0,3,(grant_pred),(grant_pred):1|(=='):1|(grant_once'):1,7,7
151,151,370,370,1,9,9,0,0,6.0,6,(ld),(ld):2|(grant_pred):1|(+):1|(+'):1|(ph*):1,8,8
152,152,371,371,1,9,9,0,0,6.0,6,(ld),(ld):2|(+'):1|(grant_pred):1|(!):1|(ph*):1,9,9
153,153,372,374,3,9,9,0,0,5.333,7,(=='),(grant_pred):4|(ret_void):3|(ph*):3|(=='):2|(!):2|(+'):1,10,10
154,154,375,376,2,9,9,0,0,6.0,7,(grant_pred),(grant_pred):7|(grant_once'):2|(ret_void):1|(st):1|(+):1,9,10
155,155,377,377,1,9,9,0,0,4.0,4,(grant_pred),(grant_pred):2|(ph*):1|(st):1,10,10
156,156,378,378,1,9,9,0,0,3.0,3,(<<'),(<<'):1|(st):1|(grant_pred):1,2,2
157,157,379,379,1,9,9,0,0,3.0,3,(ph*),(ph*):2|(+'):1,3,3
158,158,380,380,1,9,9,0,0,1.0,1,(ph*),(ph*):1,4,4
159,159,381,381,1,9,9,0,0,2.0,2,(ph*),(ph*):2,5,5
160,160,382,382,1,9,9,0,0,2.0,2,(ph*),(ph*):1|(+'):1,6,6
161,161,383,383,1,9,9,0,0,3.0,3,(grant_pred),(grant_pred):1|(=='):1|(grant_once'):1,7,7
162,162,384,384,1,9,9,0,0,6.0,6,(ld),(ld):2|(grant_pred):1|(+):1|(+'):1|(ph*):1,8,8
163,163,385,385,1,9,9,0,0,6.0,6,(ld),(ld):2|(+'):1|(grant_pred):1|(!):1|(ph*):1,9,9
164,164,386,388,3,9,9,0,0,5.333,7,(=='),(grant_pred):4|(ret_void):3|(ph*):3|(=='):2|(!):2|(+'):1,10,10
165,165,389,390,2,9,9,0,0,6.0,7,(grant_pred),(grant_pred):7|(grant_once'):2|(ret_void):1|(st):1|(+):1,9,10
166,166,391,391,1,9,9,0,0,4.0,4,(grant_pred),(grant_pred):2|(ph*):1|(st):1,10,10
167,167,392,392,1,9,9,0,0,3.0,3,(<<'),(<<'):1|(st):1|(grant_pred):1,2,2
168,168,393,393,1,9,9,0,0,3.0,3,(ph*),(ph*):2|(+'):1,3,3
169,169,394,394,1,9,9,0,0,1.0,1,(ph*),(ph*):1,4,4
170,170,395,395,1,9,9,0,0,2.0,2,(ph*),(ph*):2,5,5
171,171,396,396,1,9,9,0,0,2.0,2,(ph*),(ph*):1|(+'):1,6,6
172,172,397,397,1,9,9,0,0,3.0,3,(grant_pred),(grant_pred):1|(=='):1|(grant_once'):1,7,7
173,173,398,398,1,9,9,0,0,6.0,6,(ld),(ld):2|(grant_pred):1|(+):1|(+'):1|(ph*):1,8,8
174,174,399,399,1,9,9,0,0,6.0,6,(ld),(ld):2|(+'):1|(grant_pred):1|(!):1|(ph*):1,9,9
175,175,400,402,3,9,9,0,0,5.333,7,(=='),(grant_pred):4|(ret_void):3|(ph*):3|(=='):2|(!):2|(+'):1,10,10
176,176,403,404,2,9,9,0,0,6.0,7,(grant_pred),(grant_pred):7|(grant_once'):2|(ret_void):1|(st):1|(+):1,9,10
177,177,405,405,1,9,9,0,0,4.0,4,(grant_pred),(grant_pred):2|(ph*):1|(st):1,10,10
178,178,406,406,1,9,9,0,0,3.0,3,(<<'),(<<'):1|(st):1|(grant_pred):1,2,2
179,179,407,407,1,9,9,0,0,3.0,3,(ph*),(ph*):2|(+'):1,3,3
180,180,408,408,1,9,9,0,0,1.0,1,(ph*),(ph*):1,4,4
181,181,409,409,1,9,9,0,0,2.0,2,(ph*),(ph*):2,5,5
182,182,410,410,1,9,9,0,0,2.0,2,(ph*),(ph*):1|(+'):1,6,6
183,183,411,411,1,9,9,0,0,3.0,3,(grant_pred),(grant_pred):1|(=='):1|(grant_once'):1,7,7
184,184,412,412,1,9,9,0,0,6.0,6,(ld),(ld):2|(grant_pred):1|(+):1|(+'):1|(ph*):1,8,8
185,185,413,413,1,9,9,0,0,6.0,6,(ld),(ld):2|(+'):1|(grant_pred):1|(!):1|(ph*):1,9,9
186,186,414,416,3,9,9,0,0,6.667,8,(ld),(ld):3|(grant_pred):3|(ret_void):3|(ph*):3|(=='):2|(!):2,10,10
187,187,417,418,2,9,9,0,0,7.0,8,(grant_pred),(grant_pred):6|(grant_once'):2|(ld):2|(*):2|(ret_void):1|(+):1,9,10
188,188,419,419,1,9,9,0,0,5.0,5,(grant_once'),(grant_once'):1|(ld):1|(*):1|(grant_pred):1|(+):1,9,9
189,189,420,420,1,9,9,0,0,5.0,5,(grant_once'),(grant_once'):1|(ld):1|(*):1|(grant_pred):1|(+):1,9,9
190,190,421,421,1,9,9,0,0,5.0,5,(grant_once'),(grant_once'):1|(ld):1|(*):1|(grant_pred):1|(+):1,9,9
191,191,422,422,1,9,9,0,0,5.0,5,(grant_once'),(grant_once'):1|(ld):1|(*):1|(grant_pred):1|(+):1,9,9
192,192,423,423,1,9,9,0,0,5.0,5,(grant_once'),(grant_once'):1|(ld):1|(*):1|(grant_pred):1|(+):1,9,9
193,193,424,424,1,9,9,0,0,5.0,5,(grant_once'),(grant_once'):1|(ld):1|(*):1|(grant_pred):1|(+):1,9,9
194,194,425,425,1,9,9,0,0,5.0,5,(grant_once'),(grant_once'):1|(ld):1|(*):1|(grant_pred):1|(+):1,9,9
195,195,426,426,1,9,9,0,0,5.0,5,(grant_once'),(grant_once'):1|(ld):1|(*):1|(grant_pred):1|(+):1,9,9
196,196,427,443,17,9,9,0,1,5.0,5,(grant_once'),(grant_once'):17|(ld):17|(*):17|(grant_pred):17|(+):17,9,9
